[
  {
    "model": "auth.group",
    "pk": 1,
    "fields": {
      "name": "HoD",
      "permissions": []
    }
  },
  {
    "model": "auth.group",
    "pk": 2,
    "fields": {
      "name": "HR",
      "permissions": []
    }
  },
  {
    "model": "auth.group",
    "pk": 3,
    "fields": {
      "name": "Interviewer",
      "permissions": []
    }
  },
  {
    "model": "auth.group",
    "pk": 4,
    "fields": {
      "name": "PM",
      "permissions": []
    }
  },
  {
    "model": "social_django.partial",
    "pk": 1,
    "fields": {
      "token": "a86e928cc03a4ee99d0329cf560f08e2",
      "next_step": 3,
      "backend": "google-oauth2",
      "data": "{\"args\": [], \"kwargs\": {\"user\": null, \"details\": {\"fullname\": \"Emir Amanbekov\", \"email\": \"\", \"last_name\": \"Amanbekov\", \"username\": \"\", \"first_name\": \"Emir\"}, \"request\": {\"grant_type\": [\"convert_token\"], \"client_secret\": [\"sM1sLOV08DcAXVhGv9jQcBpQ\"], \"backend\": [\"google-oauth2\"], \"token\": [\"ya29.Glv6BcH5JqcbRWDAJcq738nqQEQTCKgk6UMjNMKl05V15jTsNTEngDk0O7jgfOLZuJBx41LbfM0pogTX7BAVt_fD_y_mMxokVsr-eguIjh1QPLOye58Ur-UhgTFc\"], \"client_id\": [\"161387635546-54csodkv5tms1nnflj33o8c9rhq3srhv.apps.googleusercontent.com\"]}, \"is_new\": false, \"response\": {\"name\": {\"familyName\": \"Amanbekov\", \"givenName\": \"Emir\"}, \"objectType\": \"person\", \"language\": \"ru\", \"verified\": false, \"displayName\": \"Emir Amanbekov\", \"url\": \"https://plus.google.com/100035167416258114004\", \"access_token\": \"ya29.Glv6BcH5JqcbRWDAJcq738nqQEQTCKgk6UMjNMKl05V15jTsNTEngDk0O7jgfOLZuJBx41LbfM0pogTX7BAVt_fD_y_mMxokVsr-eguIjh1QPLOye58Ur-UhgTFc\", \"gender\": \"male\", \"etag\": \"\\\"hCnRu-GwRzXLXPdAHHyDrK_S150/QawBSXDxy4iOxFXl_egT_vq17O8\\\"\", \"isPlusUser\": true, \"kind\": \"plus#person\", \"image\": {\"isDefault\": false, \"url\": \"https://lh5.googleusercontent.com/-DMhWNF5pawM/AAAAAAAAAAI/AAAAAAAAKz8/kTwTU4KxOXI/photo.jpg?sz=50\"}, \"circledByCount\": 2, \"id\": \"100035167416258114004\", \"nickname\": \"\\u042d\\u043c\\u0438\\u0440 \\u0410\\u043c\\u0430\\u043d\\u0431\\u0435\\u043a\\u043e\\u0432\"}, \"new_association\": false, \"uid\": \"\", \"username\": null, \"social\": null}}",
      "timestamp": "2018-07-16T05:20:28.570Z"
    }
  },
  {
    "model": "social_django.partial",
    "pk": 2,
    "fields": {
      "token": "c5316a0d6c144912aac325336fce119e",
      "next_step": 3,
      "backend": "google-oauth2",
      "data": "{\"args\": [], \"kwargs\": {\"user\": null, \"details\": {\"fullname\": \"Emir Amanbekov\", \"email\": \"\", \"last_name\": \"Amanbekov\", \"username\": \"\", \"first_name\": \"Emir\"}, \"request\": {\"grant_type\": [\"convert_token\"], \"client_secret\": [\"sM1sLOV08DcAXVhGv9jQcBpQ\"], \"backend\": [\"google-oauth2\"], \"token\": [\"ya29.Glv6BcH5JqcbRWDAJcq738nqQEQTCKgk6UMjNMKl05V15jTsNTEngDk0O7jgfOLZuJBx41LbfM0pogTX7BAVt_fD_y_mMxokVsr-eguIjh1QPLOye58Ur-UhgTFc\"], \"client_id\": [\"161387635546-54csodkv5tms1nnflj33o8c9rhq3srhv.apps.googleusercontent.com\"]}, \"is_new\": false, \"response\": {\"name\": {\"familyName\": \"Amanbekov\", \"givenName\": \"Emir\"}, \"objectType\": \"person\", \"language\": \"ru\", \"verified\": false, \"displayName\": \"Emir Amanbekov\", \"url\": \"https://plus.google.com/100035167416258114004\", \"access_token\": \"ya29.Glv6BcH5JqcbRWDAJcq738nqQEQTCKgk6UMjNMKl05V15jTsNTEngDk0O7jgfOLZuJBx41LbfM0pogTX7BAVt_fD_y_mMxokVsr-eguIjh1QPLOye58Ur-UhgTFc\", \"gender\": \"male\", \"etag\": \"\\\"hCnRu-GwRzXLXPdAHHyDrK_S150/QawBSXDxy4iOxFXl_egT_vq17O8\\\"\", \"isPlusUser\": true, \"kind\": \"plus#person\", \"image\": {\"isDefault\": false, \"url\": \"https://lh5.googleusercontent.com/-DMhWNF5pawM/AAAAAAAAAAI/AAAAAAAAKz8/kTwTU4KxOXI/photo.jpg?sz=50\"}, \"circledByCount\": 2, \"id\": \"100035167416258114004\", \"nickname\": \"\\u042d\\u043c\\u0438\\u0440 \\u0410\\u043c\\u0430\\u043d\\u0431\\u0435\\u043a\\u043e\\u0432\"}, \"new_association\": false, \"uid\": \"\", \"username\": null, \"social\": null}}",
      "timestamp": "2018-07-16T05:22:36.862Z"
    }
  },
  {
    "model": "departments.department",
    "pk": 1,
    "fields": {
      "name": "Project Management"
    }
  },
  {
    "model": "departments.department",
    "pk": 2,
    "fields": {
      "name": "Python"
    }
  },
  {
    "model": "departments.department",
    "pk": 3,
    "fields": {
      "name": "Java"
    }
  },
  {
    "model": "departments.department",
    "pk": 4,
    "fields": {
      "name": "HR"
    }
  },
  {
    "model": "departments.department",
    "pk": 5,
    "fields": {
      "name": "JS"
    }
  },
  {
    "model": "departments.requirement",
    "pk": 1,
    "fields": {
      "name": "OOP",
      "department": 2,
      "type": "1"
    }
  },
  {
    "model": "departments.requirement",
    "pk": 2,
    "fields": {
      "name": "Python Knowledge",
      "department": 2,
      "type": "2"
    }
  },
  {
    "model": "departments.requirement",
    "pk": 3,
    "fields": {
      "name": "Java Knowledge",
      "department": 3,
      "type": "1"
    }
  },
  {
    "model": "departments.requirement",
    "pk": 4,
    "fields": {
      "name": "Spring",
      "department": 3,
      "type": "2"
    }
  },
  {
    "model": "departments.requirement",
    "pk": 5,
    "fields": {
      "name": "ES",
      "department": 5,
      "type": "1"
    }
  },
  {
    "model": "departments.requirement",
    "pk": 6,
    "fields": {
      "name": "NestJS",
      "department": 5,
      "type": "2"
    }
  },
  {
    "model": "departments.requirement",
    "pk": 7,
    "fields": {
      "name": "Psychology",
      "department": 4,
      "type": "2"
    }
  },
  {
    "model": "departments.requirement",
    "pk": 8,
    "fields": {
      "name": "Management",
      "department": 1,
      "type": "2"
    }
  },
  {
    "model": "departments.position",
    "pk": 1,
    "fields": {
      "department": 1,
      "name": "Position 1"
    }
  },
  {
    "model": "departments.position",
    "pk": 2,
    "fields": {
      "department": 2,
      "name": "Position 2"
    }
  },
  {
    "model": "departments.position",
    "pk": 3,
    "fields": {
      "department": 4,
      "name": "POsition 3"
    }
  },
  {
    "model": "candidates.candidate",
    "pk": 1,
    "fields": {
      "first_name": "John",
      "last_name": "Beaver",
      "email": "beaver@zensoft.io",
      "phone": "1413423423413",
      "experience": 7.0,
      "level": "Middle",
      "status": "FAILED_INTERVIEW",
      "skype": "skype.com",
      "position": 2,
      "created": "2018-07-18T04:35:11Z"
    }
  },
  {
    "model": "candidates.candidate",
    "pk": 2,
    "fields": {
      "first_name": "Julieth",
      "last_name": "Reaver",
      "email": "reaver@zensoft.io",
      "phone": "1413423423413",
      "experience": 5.0,
      "level": "Junior",
      "status": "IN_RESERVE",
      "skype": "skype.com",
      "position": 2,
      "created": "2018-07-18T04:35:32Z"
    }
  },
  {
    "model": "candidates.comment",
    "pk": 1,
    "fields": {
      "text": "rjlwrlkrwjrklwjrwklerjweklrjeklrwj",
      "created_by": 1,
      "created": "2018-07-18T04:36:37.964Z",
      "candidate": 1
    }
  },
  {
    "model": "candidates.comment",
    "pk": 2,
    "fields": {
      "text": "sdklfsdk;flsdf;lsdkfsd;lfk;l",
      "created_by": 1,
      "created": "2018-07-18T04:36:45.735Z",
      "candidate": 2
    }
  },
  {
    "model": "requests.request",
    "pk": 1,
    "fields": {
      "count": 1,
      "created": "2018-07-18T04:37:52.674Z",
      "created_by": 1,
      "modified": "2018-07-18T04:38:45.855Z",
      "position": 1,
      "status": "APPROVED",
      "is_vacancy_created": true,
      "requirements": [
        2,
        3,
        4
      ]
    }
  },
  {
    "model": "requests.request",
    "pk": 2,
    "fields": {
      "count": 1,
      "created": "2018-07-18T04:37:52.674Z",
      "created_by": 1,
      "modified": "2018-07-18T04:38:45.855Z",
      "position": 1,
      "status": "APPROVED",
      "is_vacancy_created": true,
      "requirements": [
        2,
        3,
        4
      ]
    }
  },
  {
    "model": "requests.request",
    "pk": 3,
    "fields": {
      "count": 1,
      "created": "2018-07-18T04:37:52.674Z",
      "created_by": 1,
      "modified": "2018-07-18T04:38:45.855Z",
      "position": 1,
      "status": "APPROVED",
      "is_vacancy_created": true,
      "requirements": [
        2,
        3,
        4
      ]
    }
  },
  {
    "model": "interviews.interview",
    "pk": 1,
    "fields": {
      "status": "TO_BE_CONDUCTED",
      "candidate": 1,
      "begin_time": "2018-07-18T04:39:05Z",
      "end_time": "2018-07-18T04:39:23Z",
      "description": "English Courses",
      "location": "Office"
    }
  },
  {
    "model": "interviews.interview",
    "pk": 2,
    "fields": {
      "status": "TO_BE_CONDUCTED",
      "candidate": 2,
      "begin_time": "2018-07-18T04:39:31Z",
      "end_time": "2018-07-18T04:39:33Z",
      "description": "",
      "location": ""
    }
  },
  {
    "model": "interviews.evaluation",
    "pk": 1,
    "fields": {
      "interviewer": 1,
      "rate": 4,
      "criteria": 1
    }
  },
  {
    "model": "interviews.criteria",
    "pk": 1,
    "fields": {
      "name": "Python",
      "department": 2
    }
  },
  {
    "model": "users.user",
    "pk": 1,
    "fields": {
      "password": "pbkdf2_sha256$100000$rvvex7vWl1Nq$A9D1pCDRiDTn1l6pevvyuPELfKKmVe+C3efv+MfO7iQ=",
      "last_login": "2018-07-18T04:33:41.159Z",
      "is_superuser": true,
      "first_name": "",
      "last_name": "",
      "email": "admin@zensoft.io",
      "created": "2018-07-03T03:52:09.095Z",
      "is_active": true,
      "is_staff": true,
      "groups": [
        1
      ],
      "user_permissions": [],
      "departments": [
        2
      ]
    }
  },
  {
    "model": "users.user",
    "pk": 2,
    "fields": {
      "password": "test123",
      "last_login": null,
      "is_superuser": false,
      "first_name": "name",
      "last_name": "lastname",
      "email": "test_user@zensoft.io",
      "created": "2018-07-03T03:53:23.765Z",
      "is_active": true,
      "is_staff": false,
      "groups": [],
      "user_permissions": [],
      "departments": [
        1
      ]
    }
  },
  {
    "model": "users.user",
    "pk": 6,
    "fields": {
      "password": "pbkdf2_sha256$100000$V7jnxWCxfDCx$aGjniEzZz1sNYVLJOk4VerYWk1sPOzDJNWQcgnBfwtU=",
      "last_login": null,
      "is_superuser": false,
      "first_name": "",
      "last_name": "",
      "email": "amanbekoff@gmail.com",
      "created": "2018-07-09T09:30:11.719Z",
      "is_active": true,
      "is_staff": false,
      "groups": [
        2
      ],
      "user_permissions": [],
      "departments": [
        1,
        2,
        3,
        4,
        5
      ]
    }
  },
  {
    "model": "users.user",
    "pk": 8,
    "fields": {
      "password": "pbkdf2_sha256$100000$qpVIysYUUKFY$ZHRsBuKM1IgbUAD7JEIBH1XIwBdPOBmamu2WmuVPPhA=",
      "last_login": "2018-07-11T05:45:14.496Z",
      "is_superuser": false,
      "first_name": "quantagonista",
      "last_name": "",
      "email": "quantagonista@gmail.com",
      "created": "2018-07-09T09:45:31.317Z",
      "is_active": true,
      "is_staff": false,
      "groups": [
        4
      ],
      "user_permissions": [],
      "departments": [
        2
      ]
    }
  },
  {
    "model": "users.user",
    "pk": 10,
    "fields": {
      "password": "pbkdf2_sha256$100000$32UAdJX8ihZQ$ZqLBBhwIchsvUK84i+rwEjdLLkt507iDJjODw3orICc=",
      "last_login": "2018-07-11T05:44:06.217Z",
      "is_superuser": false,
      "first_name": "",
      "last_name": "",
      "email": "hr@gmail.com",
      "created": "2018-07-11T05:43:17.619Z",
      "is_active": true,
      "is_staff": false,
      "groups": [
        2
      ],
      "user_permissions": [],
      "departments": [
        4
      ]
    }
  },
  {
    "model": "users.user",
    "pk": 12,
    "fields": {
      "password": "pbkdf2_sha256$100000$OyjEZGkGL3Pb$JTUvNHsLV0UmlPZzAU6xPAPLV46JTMvgTixd0CFUZNw=",
      "last_login": null,
      "is_superuser": false,
      "first_name": "White",
      "last_name": "Moon",
      "email": "akaev.jumgal@gmail.com",
      "created": "2018-07-16T09:30:44.947Z",
      "is_active": true,
      "is_staff": false,
      "groups": [
        2
      ],
      "user_permissions": [],
      "departments": [
        2
      ]
    }
  },
  {
    "model": "users.user",
    "pk": 13,
    "fields": {
      "password": "pbkdf2_sha256$100000$MbEmH0reGvoM$07xfQCaBYpQPMMpPdxJq9BXUNGrBqA85Qn0HEYnBNHE=",
      "last_login": "2018-07-17T10:27:07.856Z",
      "is_superuser": false,
      "first_name": "",
      "last_name": "",
      "email": "erlanamanatov@gmail.com",
      "created": "2018-07-17T05:18:22.784Z",
      "is_active": true,
      "is_staff": false,
      "groups": [
        2
      ],
      "user_permissions": [],
      "departments": [
        3
      ]
    }
  },
  {
    "model": "vacancies.vacancy",
    "pk": 1,
    "fields": {
      "uuid": "ac635c22-8780-4dbc-8fd0-a329272b9d59",
      "title": "Vacancy 1",
      "request": 1,
      "created_by": 1,
      "city": "Bishkek",
      "address": "Admin str. 123",
      "work_conditions": "[\"Test set of conditions\"]",
      "working_hours": "PART_TIME",
      "salary_min": 10011.0,
      "salary_max": 100000.0,
      "image": "media/US_Embassy_logo.jpg",
      "responsibilities": "[poiuytre",
      "comments": ";lkjhgfd",
      "created": "2018-07-18T04:38:45.852Z",
      "last_published": "2018-07-18T04:38:45.852Z"
    }
  },
  {
    "model": "interviews.interviewer",
    "pk": 1,
    "fields": {
      "comment": "lorem",
      "interview": 1,
      "user": 1
    }
  },
  {
    "model": "interviews.interviewer",
    "pk": 2,
    "fields": {
      "comment": "wererwere",
      "interview": 2,
      "user": 1
    }
  },
  {
    "model": "fcm_django.fcmdevice",
    "pk": 3,
    "fields": {
      "name": "Android Device",
      "active": false,
      "user": 1,
      "date_created": "2018-07-10T07:57:09.053Z",
      "device_id": null,
      "registration_id": "123123",
      "type": "android"
    }
  },
  {
    "model": "fcm_django.fcmdevice",
    "pk": 4,
    "fields": {
      "name": "Android Device",
      "active": false,
      "user": 8,
      "date_created": "2018-07-10T08:00:57.933Z",
      "device_id": null,
      "registration_id": "123123",
      "type": "android"
    }
  },
  {
    "model": "fcm_django.fcmdevice",
    "pk": 5,
    "fields": {
      "name": "Lol",
      "active": false,
      "user": 1,
      "date_created": "2018-07-18T03:20:32.487Z",
      "device_id": null,
      "registration_id": "xfvhjfkhjdfdhjkgjk",
      "type": "ios"
    }
  },
  {
    "model": "fcm_django.fcmdevice",
    "pk": 6,
    "fields": {
      "name": "quanta",
      "active": false,
      "user": 8,
      "date_created": "2018-07-18T03:24:40.894Z",
      "device_id": null,
      "registration_id": "eBSxiM6PdMA:APA91bFNSC_hZM6vz9iyPPeuQ3dc4P8uQbkgUnyahSg7APXi_xMGCJMZTTyV1VWdKKPmYFbheBKwdt7e4sz3K9bStvVfgdC9VRvwrhhHlO_i-3z3dpNnCuywJibZwQnRj6PwmIwY5NqsnalJVTuZacg_CjaQS1jo6A",
      "type": "android"
    }
  },
  {
    "model": "oauth2_provider.application",
    "pk": 1,
    "fields": {
      "client_id": "161387635546-54csodkv5tms1nnflj33o8c9rhq3srhv.apps.googleusercontent.com",
      "user": 1,
      "redirect_uris": "",
      "client_type": "confidential",
      "authorization_grant_type": "password",
      "client_secret": "sM1sLOV08DcAXVhGv9jQcBpQ",
      "name": "Google API",
      "skip_authorization": false,
      "created": "2018-07-09T08:19:47.265Z",
      "updated": "2018-07-16T05:16:21.096Z"
    }
  },
  {
    "model": "social_django.usersocialauth",
    "pk": 5,
    "fields": {
      "user": 8,
      "provider": "google-oauth2",
      "uid": "quantagonista@gmail.com",
      "extra_data": "{\"access_token\": \"ya29.Glv6BX9b4nR2qfay-4lKnJHubOt5_c0ibs1wejzw3gke-RUJJg080iGbvTA_sdKssm26Ly7vY84AuNmkEoe2UrZGYNrcpIWk5mZYeVYofLdsy8bqpI2OU0iYTorq\", \"token_type\": null, \"expires\": null, \"auth_time\": 1531728835}"
    }
  },
  {
    "model": "social_django.usersocialauth",
    "pk": 7,
    "fields": {
      "user": 12,
      "provider": "google-oauth2",
      "uid": "akaev.jumgal@gmail.com",
      "extra_data": "{\"access_token\": \"ya29.Glz7BamyXiqxoQEqvq5B9QyK92hpHNVgmDBZLERj4q4AARLck90Fief6SulyCJ-CN-uVzCvomWtMdE9i8cqMevzai6sjynuRCZfWd03bY7Zfzpehs8m1dsUoeeaK-Q\", \"token_type\": null, \"expires\": null, \"auth_time\": 1531799300}"
    }
  },
  {
    "model": "oauth2_provider.accesstoken",
    "pk": 26,
    "fields": {
      "user": 8,
      "source_refresh_token": null,
      "token": "vMvTkKAboOGorLy8wxHuZAlM3Wk7XJ",
      "application": 1,
      "expires": "2018-07-16T17:54:18.456Z",
      "scope": "write read",
      "created": "2018-07-16T07:54:18.457Z",
      "updated": "2018-07-16T07:54:18.457Z"
    }
  },
  {
    "model": "oauth2_provider.accesstoken",
    "pk": 27,
    "fields": {
      "user": 8,
      "source_refresh_token": null,
      "token": "xdvAORP1adTyuiDvics4bMsj0Uz2nB",
      "application": 1,
      "expires": "2018-07-16T17:59:50.176Z",
      "scope": "read write",
      "created": "2018-07-16T07:59:50.178Z",
      "updated": "2018-07-16T07:59:50.178Z"
    }
  },
  {
    "model": "oauth2_provider.accesstoken",
    "pk": 28,
    "fields": {
      "user": 8,
      "source_refresh_token": null,
      "token": "Tbz5M6afXxGcM5w38sGjGa8eeIgu7V",
      "application": 1,
      "expires": "2018-07-16T18:02:03.592Z",
      "scope": "write read",
      "created": "2018-07-16T08:02:03.594Z",
      "updated": "2018-07-16T08:02:03.594Z"
    }
  },
  {
    "model": "oauth2_provider.accesstoken",
    "pk": 29,
    "fields": {
      "user": 8,
      "source_refresh_token": null,
      "token": "2WxbRm7HZXnBheQDGGVtg267rLh3iM",
      "application": 1,
      "expires": "2018-07-16T18:04:27.387Z",
      "scope": "write read",
      "created": "2018-07-16T08:04:27.389Z",
      "updated": "2018-07-16T08:04:27.389Z"
    }
  },
  {
    "model": "oauth2_provider.accesstoken",
    "pk": 30,
    "fields": {
      "user": 8,
      "source_refresh_token": null,
      "token": "O5xhy8UndBFQkz9tLjo8LoLU1PkSc3",
      "application": 1,
      "expires": "2018-07-16T18:05:53.566Z",
      "scope": "read write",
      "created": "2018-07-16T08:05:53.566Z",
      "updated": "2018-07-16T08:05:53.566Z"
    }
  },
  {
    "model": "oauth2_provider.accesstoken",
    "pk": 31,
    "fields": {
      "user": 8,
      "source_refresh_token": null,
      "token": "rOfBpkegDEuLflssNCCJtjfoLbnEwE",
      "application": 1,
      "expires": "2018-07-16T18:09:33.192Z",
      "scope": "write read",
      "created": "2018-07-16T08:09:33.192Z",
      "updated": "2018-07-16T08:09:33.192Z"
    }
  },
  {
    "model": "oauth2_provider.accesstoken",
    "pk": 32,
    "fields": {
      "user": 8,
      "source_refresh_token": null,
      "token": "i0WPlpxQVbdahDH1FlkcTsNbxy2Gwz",
      "application": 1,
      "expires": "2018-07-16T18:13:55.880Z",
      "scope": "write read",
      "created": "2018-07-16T08:13:55.881Z",
      "updated": "2018-07-16T08:13:55.881Z"
    }
  },
  {
    "model": "oauth2_provider.accesstoken",
    "pk": 33,
    "fields": {
      "user": 12,
      "source_refresh_token": null,
      "token": "12KMUggzGvlyTY73vWe6fSTnXxkBNO",
      "application": 1,
      "expires": "2018-07-16T19:31:59.364Z",
      "scope": "write read",
      "created": "2018-07-16T09:31:59.365Z",
      "updated": "2018-07-16T09:31:59.365Z"
    }
  },
  {
    "model": "oauth2_provider.accesstoken",
    "pk": 34,
    "fields": {
      "user": 12,
      "source_refresh_token": null,
      "token": "s0jPRYPpyIlIsosyy2JUEcKkkuSiER",
      "application": 1,
      "expires": "2018-07-16T19:33:07.576Z",
      "scope": "write read",
      "created": "2018-07-16T09:33:07.577Z",
      "updated": "2018-07-16T09:33:07.577Z"
    }
  },
  {
    "model": "oauth2_provider.accesstoken",
    "pk": 35,
    "fields": {
      "user": 12,
      "source_refresh_token": null,
      "token": "zHOpIADoexnAZ4IwFydCaLfVrnwrUh",
      "application": 1,
      "expires": "2018-07-16T19:33:37.178Z",
      "scope": "write read",
      "created": "2018-07-16T09:33:37.178Z",
      "updated": "2018-07-16T09:33:37.178Z"
    }
  },
  {
    "model": "oauth2_provider.accesstoken",
    "pk": 36,
    "fields": {
      "user": 12,
      "source_refresh_token": null,
      "token": "03Vxo2VDPiE3dDy0czZnJTl4LGEDtL",
      "application": 1,
      "expires": "2018-07-16T19:34:17.284Z",
      "scope": "write read",
      "created": "2018-07-16T09:34:17.284Z",
      "updated": "2018-07-16T09:34:17.284Z"
    }
  },
  {
    "model": "oauth2_provider.accesstoken",
    "pk": 37,
    "fields": {
      "user": 12,
      "source_refresh_token": null,
      "token": "f0h7txXhFwOkMcPitwq0ZFp3qzSkkG",
      "application": 1,
      "expires": "2018-07-16T19:35:29.149Z",
      "scope": "write read",
      "created": "2018-07-16T09:35:29.150Z",
      "updated": "2018-07-16T09:35:29.150Z"
    }
  },
  {
    "model": "oauth2_provider.accesstoken",
    "pk": 38,
    "fields": {
      "user": 12,
      "source_refresh_token": null,
      "token": "3HrH5LryksQxL1oEUXSXR59CRJKTwF",
      "application": 1,
      "expires": "2018-07-16T19:38:18.242Z",
      "scope": "write read",
      "created": "2018-07-16T09:38:18.243Z",
      "updated": "2018-07-16T09:38:18.243Z"
    }
  },
  {
    "model": "oauth2_provider.accesstoken",
    "pk": 39,
    "fields": {
      "user": 12,
      "source_refresh_token": null,
      "token": "7J3ocLPWcgswl8IAL0rLx9nc4JRAdh",
      "application": 1,
      "expires": "2018-07-16T19:39:13.005Z",
      "scope": "write read",
      "created": "2018-07-16T09:39:13.005Z",
      "updated": "2018-07-16T09:39:13.005Z"
    }
  },
  {
    "model": "oauth2_provider.accesstoken",
    "pk": 40,
    "fields": {
      "user": 12,
      "source_refresh_token": null,
      "token": "2oxVfndou8JykH63cA6uCblhOiC4et",
      "application": 1,
      "expires": "2018-07-16T19:40:22.028Z",
      "scope": "write read",
      "created": "2018-07-16T09:40:22.029Z",
      "updated": "2018-07-16T09:40:22.029Z"
    }
  },
  {
    "model": "oauth2_provider.accesstoken",
    "pk": 41,
    "fields": {
      "user": 12,
      "source_refresh_token": null,
      "token": "RDwc39nUgLhUPKXws1U8unIORxJ5OU",
      "application": 1,
      "expires": "2018-07-16T19:40:56.463Z",
      "scope": "write read",
      "created": "2018-07-16T09:40:56.464Z",
      "updated": "2018-07-16T09:40:56.464Z"
    }
  },
  {
    "model": "oauth2_provider.accesstoken",
    "pk": 42,
    "fields": {
      "user": 12,
      "source_refresh_token": null,
      "token": "7WZWY10vVVRFy6JRQEJzumIX2Xnu9A",
      "application": 1,
      "expires": "2018-07-16T19:52:40.651Z",
      "scope": "write read",
      "created": "2018-07-16T09:52:40.652Z",
      "updated": "2018-07-16T09:52:40.652Z"
    }
  },
  {
    "model": "oauth2_provider.accesstoken",
    "pk": 43,
    "fields": {
      "user": 12,
      "source_refresh_token": null,
      "token": "DXNzAxmHjwIGkppNXE6nDW45dfXpj0",
      "application": 1,
      "expires": "2018-07-16T19:59:29.339Z",
      "scope": "read write",
      "created": "2018-07-16T09:59:29.339Z",
      "updated": "2018-07-16T09:59:29.339Z"
    }
  },
  {
    "model": "oauth2_provider.accesstoken",
    "pk": 44,
    "fields": {
      "user": 12,
      "source_refresh_token": null,
      "token": "hjZqmIGFfWDz2LsAIXyGaX7ESpWQBQ",
      "application": 1,
      "expires": "2018-07-16T20:00:18.977Z",
      "scope": "read write",
      "created": "2018-07-16T10:00:18.977Z",
      "updated": "2018-07-16T10:00:18.978Z"
    }
  },
  {
    "model": "oauth2_provider.accesstoken",
    "pk": 45,
    "fields": {
      "user": 12,
      "source_refresh_token": null,
      "token": "pZEFvoO4ZamdVibelGH7MQPoPojhp1",
      "application": 1,
      "expires": "2018-07-16T20:01:46.971Z",
      "scope": "read write",
      "created": "2018-07-16T10:01:46.971Z",
      "updated": "2018-07-16T10:01:46.971Z"
    }
  },
  {
    "model": "oauth2_provider.accesstoken",
    "pk": 46,
    "fields": {
      "user": 12,
      "source_refresh_token": null,
      "token": "yxy97lVLBVSJl10amv8NeGDmBqmX4e",
      "application": 1,
      "expires": "2018-07-16T20:05:25.169Z",
      "scope": "read write",
      "created": "2018-07-16T10:05:25.170Z",
      "updated": "2018-07-16T10:05:25.170Z"
    }
  },
  {
    "model": "oauth2_provider.accesstoken",
    "pk": 47,
    "fields": {
      "user": 12,
      "source_refresh_token": null,
      "token": "HQzvpZCyKNNnvIqqrNjQiN8jyK5ehh",
      "application": 1,
      "expires": "2018-07-16T20:06:57.160Z",
      "scope": "read write",
      "created": "2018-07-16T10:06:57.160Z",
      "updated": "2018-07-16T10:06:57.161Z"
    }
  },
  {
    "model": "oauth2_provider.accesstoken",
    "pk": 48,
    "fields": {
      "user": 12,
      "source_refresh_token": null,
      "token": "oASwEqzvKmYi0q6gZ58FkLP7enFFzi",
      "application": 1,
      "expires": "2018-07-16T20:09:45.610Z",
      "scope": "read write",
      "created": "2018-07-16T10:09:45.610Z",
      "updated": "2018-07-16T10:09:45.610Z"
    }
  },
  {
    "model": "oauth2_provider.accesstoken",
    "pk": 49,
    "fields": {
      "user": 12,
      "source_refresh_token": null,
      "token": "6nqnICvK9ZLT7vg2gFeHDEWzb2LwKA",
      "application": 1,
      "expires": "2018-07-16T20:10:12.565Z",
      "scope": "read write",
      "created": "2018-07-16T10:10:12.565Z",
      "updated": "2018-07-16T10:10:12.565Z"
    }
  },
  {
    "model": "oauth2_provider.accesstoken",
    "pk": 50,
    "fields": {
      "user": 12,
      "source_refresh_token": null,
      "token": "uDNeV4Dz7WGp8Deh886cbu3356YIqi",
      "application": 1,
      "expires": "2018-07-16T20:10:25.617Z",
      "scope": "read write",
      "created": "2018-07-16T10:10:25.617Z",
      "updated": "2018-07-16T10:10:25.617Z"
    }
  },
  {
    "model": "oauth2_provider.accesstoken",
    "pk": 51,
    "fields": {
      "user": 12,
      "source_refresh_token": null,
      "token": "SwaaoYc7ecxKzvbqAb9YWDQaQ3Jjsq",
      "application": 1,
      "expires": "2018-07-16T20:10:40.860Z",
      "scope": "read write",
      "created": "2018-07-16T10:10:40.861Z",
      "updated": "2018-07-16T10:10:40.861Z"
    }
  },
  {
    "model": "oauth2_provider.accesstoken",
    "pk": 52,
    "fields": {
      "user": 12,
      "source_refresh_token": null,
      "token": "oAqH0h7e3gZmy1BgTeC0CcoAWwFl0X",
      "application": 1,
      "expires": "2018-07-16T20:11:31.405Z",
      "scope": "read write",
      "created": "2018-07-16T10:11:31.405Z",
      "updated": "2018-07-16T10:11:31.405Z"
    }
  },
  {
    "model": "oauth2_provider.accesstoken",
    "pk": 53,
    "fields": {
      "user": 12,
      "source_refresh_token": null,
      "token": "nzXTmFqNBr5wNYxq4OFWNBDEar2Ivq",
      "application": 1,
      "expires": "2018-07-16T20:16:39.557Z",
      "scope": "read write",
      "created": "2018-07-16T10:16:39.557Z",
      "updated": "2018-07-16T10:16:39.557Z"
    }
  },
  {
    "model": "oauth2_provider.accesstoken",
    "pk": 54,
    "fields": {
      "user": 12,
      "source_refresh_token": null,
      "token": "TseVBXoZPmH2RUt77CdLRjmV1xSc03",
      "application": 1,
      "expires": "2018-07-16T20:17:01.984Z",
      "scope": "read write",
      "created": "2018-07-16T10:17:01.985Z",
      "updated": "2018-07-16T10:17:01.985Z"
    }
  },
  {
    "model": "oauth2_provider.accesstoken",
    "pk": 55,
    "fields": {
      "user": 12,
      "source_refresh_token": null,
      "token": "vdYN6SlFQTE6Jl8ggzAKwppxK76zmA",
      "application": 1,
      "expires": "2018-07-16T20:25:27.569Z",
      "scope": "read write",
      "created": "2018-07-16T10:25:27.571Z",
      "updated": "2018-07-16T10:25:27.571Z"
    }
  },
  {
    "model": "oauth2_provider.accesstoken",
    "pk": 56,
    "fields": {
      "user": 12,
      "source_refresh_token": null,
      "token": "qgvwyFQtdUj5Oc73znhGXnfpFJfOd6",
      "application": 1,
      "expires": "2018-07-16T21:28:50.344Z",
      "scope": "read write",
      "created": "2018-07-16T11:28:50.344Z",
      "updated": "2018-07-16T11:28:50.344Z"
    }
  },
  {
    "model": "oauth2_provider.accesstoken",
    "pk": 57,
    "fields": {
      "user": 12,
      "source_refresh_token": null,
      "token": "oBAdW7JE3a9KFVaDWQujmT37ZODcxh",
      "application": 1,
      "expires": "2018-07-16T21:29:07.779Z",
      "scope": "read write",
      "created": "2018-07-16T11:29:07.779Z",
      "updated": "2018-07-16T11:29:07.779Z"
    }
  },
  {
    "model": "oauth2_provider.accesstoken",
    "pk": 58,
    "fields": {
      "user": 12,
      "source_refresh_token": null,
      "token": "NnNenRCIihWb4ntK4btDVR36Qf64XF",
      "application": 1,
      "expires": "2018-07-16T21:29:34.623Z",
      "scope": "read write",
      "created": "2018-07-16T11:29:34.624Z",
      "updated": "2018-07-16T11:29:34.624Z"
    }
  },
  {
    "model": "oauth2_provider.accesstoken",
    "pk": 59,
    "fields": {
      "user": 12,
      "source_refresh_token": null,
      "token": "mvFzYVYq2aLSRtGxoPdRrZb21ezNJc",
      "application": 1,
      "expires": "2018-07-16T21:30:52.555Z",
      "scope": "write read",
      "created": "2018-07-16T11:30:52.555Z",
      "updated": "2018-07-16T11:30:52.555Z"
    }
  },
  {
    "model": "oauth2_provider.accesstoken",
    "pk": 60,
    "fields": {
      "user": 12,
      "source_refresh_token": null,
      "token": "n4Kxvx85qFBbRSfErnUCtxXZ6CNZI5",
      "application": 1,
      "expires": "2018-07-16T21:31:30.912Z",
      "scope": "write read",
      "created": "2018-07-16T11:31:30.912Z",
      "updated": "2018-07-16T11:31:30.912Z"
    }
  },
  {
    "model": "oauth2_provider.accesstoken",
    "pk": 61,
    "fields": {
      "user": 12,
      "source_refresh_token": null,
      "token": "kBw6cnD0LALfd5iDPpjOLy2IY1yCMA",
      "application": 1,
      "expires": "2018-07-16T21:32:02.074Z",
      "scope": "write read",
      "created": "2018-07-16T11:32:02.074Z",
      "updated": "2018-07-16T11:32:02.074Z"
    }
  },
  {
    "model": "oauth2_provider.accesstoken",
    "pk": 62,
    "fields": {
      "user": 12,
      "source_refresh_token": null,
      "token": "lT6HUYoKR2awnBDmbAepl6yAPF6V7B",
      "application": 1,
      "expires": "2018-07-16T21:32:50.681Z",
      "scope": "write read",
      "created": "2018-07-16T11:32:50.682Z",
      "updated": "2018-07-16T11:32:50.682Z"
    }
  },
  {
    "model": "oauth2_provider.accesstoken",
    "pk": 63,
    "fields": {
      "user": 12,
      "source_refresh_token": null,
      "token": "GBngG3IuqdlOXowk5RZ4XcvUaGKCEJ",
      "application": 1,
      "expires": "2018-07-16T21:34:24.432Z",
      "scope": "write read",
      "created": "2018-07-16T11:34:24.433Z",
      "updated": "2018-07-16T11:34:24.433Z"
    }
  },
  {
    "model": "oauth2_provider.accesstoken",
    "pk": 64,
    "fields": {
      "user": 12,
      "source_refresh_token": null,
      "token": "jkPHUanb6Ub1e9zndLVQUlex2UVvMF",
      "application": 1,
      "expires": "2018-07-16T21:38:07.435Z",
      "scope": "write read",
      "created": "2018-07-16T11:38:07.435Z",
      "updated": "2018-07-16T11:38:07.435Z"
    }
  },
  {
    "model": "oauth2_provider.accesstoken",
    "pk": 65,
    "fields": {
      "user": 12,
      "source_refresh_token": null,
      "token": "NCf6nYTKs0WzYWN16cLRIgUVPo8H5k",
      "application": 1,
      "expires": "2018-07-16T21:38:32.021Z",
      "scope": "write read",
      "created": "2018-07-16T11:38:32.021Z",
      "updated": "2018-07-16T11:38:32.021Z"
    }
  },
  {
    "model": "oauth2_provider.accesstoken",
    "pk": 66,
    "fields": {
      "user": 12,
      "source_refresh_token": null,
      "token": "RLiyjh7j6tnrnVGSZLuhaYT4FPeCJw",
      "application": 1,
      "expires": "2018-07-16T21:47:20.663Z",
      "scope": "write read",
      "created": "2018-07-16T11:47:20.663Z",
      "updated": "2018-07-16T11:47:20.663Z"
    }
  },
  {
    "model": "oauth2_provider.accesstoken",
    "pk": 67,
    "fields": {
      "user": 12,
      "source_refresh_token": null,
      "token": "AZ2nLtq1HgE5YDBU56VEKkU12RyK0c",
      "application": 1,
      "expires": "2018-07-16T21:59:28.906Z",
      "scope": "write read",
      "created": "2018-07-16T11:59:28.906Z",
      "updated": "2018-07-16T11:59:28.906Z"
    }
  },
  {
    "model": "oauth2_provider.accesstoken",
    "pk": 68,
    "fields": {
      "user": 12,
      "source_refresh_token": null,
      "token": "X7hxlBjVXmq4TSEGN7gVuaGVXRaTPk",
      "application": 1,
      "expires": "2018-07-16T22:00:33.732Z",
      "scope": "write read",
      "created": "2018-07-16T12:00:33.732Z",
      "updated": "2018-07-16T12:00:33.732Z"
    }
  },
  {
    "model": "oauth2_provider.accesstoken",
    "pk": 69,
    "fields": {
      "user": 12,
      "source_refresh_token": null,
      "token": "RW2o8W9RhbtlBETzZaldnvpehUIEUc",
      "application": 1,
      "expires": "2018-07-16T22:09:26.402Z",
      "scope": "read write",
      "created": "2018-07-16T12:09:26.403Z",
      "updated": "2018-07-16T12:09:26.403Z"
    }
  },
  {
    "model": "oauth2_provider.accesstoken",
    "pk": 70,
    "fields": {
      "user": 12,
      "source_refresh_token": null,
      "token": "W2RW5Qwx3MZBsrNyX3b89ry9wPGSgZ",
      "application": 1,
      "expires": "2018-07-16T22:12:29.398Z",
      "scope": "write read",
      "created": "2018-07-16T12:12:29.399Z",
      "updated": "2018-07-16T12:12:29.399Z"
    }
  },
  {
    "model": "oauth2_provider.accesstoken",
    "pk": 71,
    "fields": {
      "user": 12,
      "source_refresh_token": null,
      "token": "LiH2jmqcEVfCTwR0BWPcH8r0YA0wc8",
      "application": 1,
      "expires": "2018-07-17T13:48:20.469Z",
      "scope": "write read",
      "created": "2018-07-17T03:48:20.472Z",
      "updated": "2018-07-17T03:48:20.472Z"
    }
  },
  {
    "model": "oauth2_provider.accesstoken",
    "pk": 72,
    "fields": {
      "user": 1,
      "source_refresh_token": null,
      "token": "BIL7v4CJSduYYupk4WaDZVRardJ2lR",
      "application": 1,
      "expires": "2018-07-17T20:24:25.090Z",
      "scope": "write read",
      "created": "2018-07-17T10:24:25.091Z",
      "updated": "2018-07-17T10:24:25.091Z"
    }
  },
  {
    "model": "oauth2_provider.accesstoken",
    "pk": 73,
    "fields": {
      "user": 13,
      "source_refresh_token": null,
      "token": "ymEwyOBt7uvisqUP40pI2DMTdRyBo4",
      "application": 1,
      "expires": "2018-07-17T20:26:00.493Z",
      "scope": "write read",
      "created": "2018-07-17T10:26:00.494Z",
      "updated": "2018-07-17T10:26:00.494Z"
    }
  },
  {
    "model": "oauth2_provider.refreshtoken",
    "pk": 7,
    "fields": {
      "user": 8,
      "token": "ZYejNPnYCg32Z6s4tAp3ekNB9XQaSD",
      "application": 1,
      "access_token": null,
      "created": "2018-07-09T09:45:38.306Z",
      "updated": "2018-07-09T09:45:38.307Z",
      "revoked": null
    }
  },
  {
    "model": "oauth2_provider.refreshtoken",
    "pk": 8,
    "fields": {
      "user": 8,
      "token": "xVP6Azc7MbenBp1WDQfHT9VzanyRLZ",
      "application": 1,
      "access_token": null,
      "created": "2018-07-10T08:00:24.459Z",
      "updated": "2018-07-10T08:00:24.459Z",
      "revoked": null
    }
  },
  {
    "model": "oauth2_provider.refreshtoken",
    "pk": 26,
    "fields": {
      "user": 8,
      "token": "cWCHQMnQfyfYNHhjzR6cvaWjhzeRmU",
      "application": 1,
      "access_token": 26,
      "created": "2018-07-16T07:54:18.460Z",
      "updated": "2018-07-16T07:54:18.460Z",
      "revoked": null
    }
  },
  {
    "model": "oauth2_provider.refreshtoken",
    "pk": 27,
    "fields": {
      "user": 8,
      "token": "g1kmLfABExpeA9IioKTL8GRb0jqjU6",
      "application": 1,
      "access_token": 27,
      "created": "2018-07-16T07:59:50.182Z",
      "updated": "2018-07-16T07:59:50.182Z",
      "revoked": null
    }
  },
  {
    "model": "oauth2_provider.refreshtoken",
    "pk": 28,
    "fields": {
      "user": 8,
      "token": "niLphE1TOW9MQ3oT5WVN6NeT4p8jfH",
      "application": 1,
      "access_token": 28,
      "created": "2018-07-16T08:02:03.598Z",
      "updated": "2018-07-16T08:02:03.598Z",
      "revoked": null
    }
  },
  {
    "model": "oauth2_provider.refreshtoken",
    "pk": 29,
    "fields": {
      "user": 8,
      "token": "vH6w3nYVNQNHn2ccEkp5cNVdbrXfZa",
      "application": 1,
      "access_token": 29,
      "created": "2018-07-16T08:04:27.392Z",
      "updated": "2018-07-16T08:04:27.392Z",
      "revoked": null
    }
  },
  {
    "model": "oauth2_provider.refreshtoken",
    "pk": 30,
    "fields": {
      "user": 8,
      "token": "Cip6rvxeNJRgArfZX7eV1TepFEVxKn",
      "application": 1,
      "access_token": 30,
      "created": "2018-07-16T08:05:53.567Z",
      "updated": "2018-07-16T08:05:53.567Z",
      "revoked": null
    }
  },
  {
    "model": "oauth2_provider.refreshtoken",
    "pk": 31,
    "fields": {
      "user": 8,
      "token": "bJvW6f9EIn51hkrDlvXW0Qfn39vPjg",
      "application": 1,
      "access_token": 31,
      "created": "2018-07-16T08:09:33.194Z",
      "updated": "2018-07-16T08:09:33.194Z",
      "revoked": null
    }
  },
  {
    "model": "oauth2_provider.refreshtoken",
    "pk": 32,
    "fields": {
      "user": 8,
      "token": "oE1A1bbo3DO3ew6tIC3P1OEEeh2yl7",
      "application": 1,
      "access_token": 32,
      "created": "2018-07-16T08:13:55.883Z",
      "updated": "2018-07-16T08:13:55.883Z",
      "revoked": null
    }
  },
  {
    "model": "oauth2_provider.refreshtoken",
    "pk": 33,
    "fields": {
      "user": 12,
      "token": "D33VTDbEWJM4bQL5YvFP2R67yQe4hn",
      "application": 1,
      "access_token": 33,
      "created": "2018-07-16T09:31:59.368Z",
      "updated": "2018-07-16T09:31:59.368Z",
      "revoked": null
    }
  },
  {
    "model": "oauth2_provider.refreshtoken",
    "pk": 34,
    "fields": {
      "user": 12,
      "token": "TUMMKFodandMrpChAsJwQnP7cIecZO",
      "application": 1,
      "access_token": 34,
      "created": "2018-07-16T09:33:07.578Z",
      "updated": "2018-07-16T09:33:07.578Z",
      "revoked": null
    }
  },
  {
    "model": "oauth2_provider.refreshtoken",
    "pk": 35,
    "fields": {
      "user": 12,
      "token": "9g1h8ynkGfoRQRlCYLqExGr2pEXAtY",
      "application": 1,
      "access_token": 35,
      "created": "2018-07-16T09:33:37.180Z",
      "updated": "2018-07-16T09:33:37.180Z",
      "revoked": null
    }
  },
  {
    "model": "oauth2_provider.refreshtoken",
    "pk": 36,
    "fields": {
      "user": 12,
      "token": "fTgk88BFvW2VXYn2WtQ91rqnmBmb4U",
      "application": 1,
      "access_token": 36,
      "created": "2018-07-16T09:34:17.286Z",
      "updated": "2018-07-16T09:34:17.286Z",
      "revoked": null
    }
  },
  {
    "model": "oauth2_provider.refreshtoken",
    "pk": 37,
    "fields": {
      "user": 12,
      "token": "IbtTiiQyF9OamqeEYjCY9cGkheIL9g",
      "application": 1,
      "access_token": 37,
      "created": "2018-07-16T09:35:29.151Z",
      "updated": "2018-07-16T09:35:29.151Z",
      "revoked": null
    }
  },
  {
    "model": "oauth2_provider.refreshtoken",
    "pk": 38,
    "fields": {
      "user": 12,
      "token": "5Cio0QqpaeCQIqhWguQv3qQZbYyHuf",
      "application": 1,
      "access_token": 38,
      "created": "2018-07-16T09:38:18.245Z",
      "updated": "2018-07-16T09:38:18.245Z",
      "revoked": null
    }
  },
  {
    "model": "oauth2_provider.refreshtoken",
    "pk": 39,
    "fields": {
      "user": 12,
      "token": "gzEMcxwqaqvPZc3O0RoY3yhS1zC9R1",
      "application": 1,
      "access_token": 39,
      "created": "2018-07-16T09:39:13.007Z",
      "updated": "2018-07-16T09:39:13.007Z",
      "revoked": null
    }
  },
  {
    "model": "oauth2_provider.refreshtoken",
    "pk": 40,
    "fields": {
      "user": 12,
      "token": "xALWi3OJTNWSmzfR5yFcelPDWnM0G3",
      "application": 1,
      "access_token": 40,
      "created": "2018-07-16T09:40:22.032Z",
      "updated": "2018-07-16T09:40:22.032Z",
      "revoked": null
    }
  },
  {
    "model": "oauth2_provider.refreshtoken",
    "pk": 41,
    "fields": {
      "user": 12,
      "token": "i5l79LJBxnzoJmhnPRxNlbWyPxBoJr",
      "application": 1,
      "access_token": 41,
      "created": "2018-07-16T09:40:56.465Z",
      "updated": "2018-07-16T09:40:56.465Z",
      "revoked": null
    }
  },
  {
    "model": "oauth2_provider.refreshtoken",
    "pk": 42,
    "fields": {
      "user": 12,
      "token": "EGlZhDFlkqFij4PzCRQTP0FpVl94yH",
      "application": 1,
      "access_token": 42,
      "created": "2018-07-16T09:52:40.654Z",
      "updated": "2018-07-16T09:52:40.654Z",
      "revoked": null
    }
  },
  {
    "model": "oauth2_provider.refreshtoken",
    "pk": 43,
    "fields": {
      "user": 12,
      "token": "SeZyadroFBRtSlaNJ1iZ1PGLSWs6Lp",
      "application": 1,
      "access_token": 43,
      "created": "2018-07-16T09:59:29.341Z",
      "updated": "2018-07-16T09:59:29.341Z",
      "revoked": null
    }
  },
  {
    "model": "oauth2_provider.refreshtoken",
    "pk": 44,
    "fields": {
      "user": 12,
      "token": "I5ttL0c8V7OulEU306DpGX57WSomSc",
      "application": 1,
      "access_token": 44,
      "created": "2018-07-16T10:00:18.981Z",
      "updated": "2018-07-16T10:00:18.981Z",
      "revoked": null
    }
  },
  {
    "model": "oauth2_provider.refreshtoken",
    "pk": 45,
    "fields": {
      "user": 12,
      "token": "5BaE44gc6DgeqyM1qj35hfh79C0RF8",
      "application": 1,
      "access_token": 45,
      "created": "2018-07-16T10:01:46.973Z",
      "updated": "2018-07-16T10:01:46.973Z",
      "revoked": null
    }
  },
  {
    "model": "oauth2_provider.refreshtoken",
    "pk": 46,
    "fields": {
      "user": 12,
      "token": "UwdP3sYxGwOVqpRJbZKByrWajpBHe8",
      "application": 1,
      "access_token": 46,
      "created": "2018-07-16T10:05:25.172Z",
      "updated": "2018-07-16T10:05:25.172Z",
      "revoked": null
    }
  },
  {
    "model": "oauth2_provider.refreshtoken",
    "pk": 47,
    "fields": {
      "user": 12,
      "token": "vqx14bGNsIpxfbqA3RdMX9dLbwPwdn",
      "application": 1,
      "access_token": 47,
      "created": "2018-07-16T10:06:57.163Z",
      "updated": "2018-07-16T10:06:57.163Z",
      "revoked": null
    }
  },
  {
    "model": "oauth2_provider.refreshtoken",
    "pk": 48,
    "fields": {
      "user": 12,
      "token": "cvBgxk1khQZFMDSM0i5FVMceMLsICd",
      "application": 1,
      "access_token": 48,
      "created": "2018-07-16T10:09:45.611Z",
      "updated": "2018-07-16T10:09:45.611Z",
      "revoked": null
    }
  },
  {
    "model": "oauth2_provider.refreshtoken",
    "pk": 49,
    "fields": {
      "user": 12,
      "token": "xc3MmPwb2JPNHpRyC9RN1ExaFKVAZb",
      "application": 1,
      "access_token": 49,
      "created": "2018-07-16T10:10:12.567Z",
      "updated": "2018-07-16T10:10:12.567Z",
      "revoked": null
    }
  },
  {
    "model": "oauth2_provider.refreshtoken",
    "pk": 50,
    "fields": {
      "user": 12,
      "token": "vLYcjrRblzAAWeqEXwQvZ3aMJq4mMH",
      "application": 1,
      "access_token": 50,
      "created": "2018-07-16T10:10:25.618Z",
      "updated": "2018-07-16T10:10:25.618Z",
      "revoked": null
    }
  },
  {
    "model": "oauth2_provider.refreshtoken",
    "pk": 51,
    "fields": {
      "user": 12,
      "token": "gWUoXRh1xumlJOnR0treqQ5W6X17sP",
      "application": 1,
      "access_token": 51,
      "created": "2018-07-16T10:10:40.864Z",
      "updated": "2018-07-16T10:10:40.864Z",
      "revoked": null
    }
  },
  {
    "model": "oauth2_provider.refreshtoken",
    "pk": 52,
    "fields": {
      "user": 12,
      "token": "Pk3QmCpO5XD0fuQo8klFgMXDMxxuMk",
      "application": 1,
      "access_token": 52,
      "created": "2018-07-16T10:11:31.408Z",
      "updated": "2018-07-16T10:11:31.408Z",
      "revoked": null
    }
  },
  {
    "model": "oauth2_provider.refreshtoken",
    "pk": 53,
    "fields": {
      "user": 12,
      "token": "PDhRRT5AAHTgDRd4V1UdqNQwM0BOYQ",
      "application": 1,
      "access_token": 53,
      "created": "2018-07-16T10:16:39.558Z",
      "updated": "2018-07-16T10:16:39.558Z",
      "revoked": null
    }
  },
  {
    "model": "oauth2_provider.refreshtoken",
    "pk": 54,
    "fields": {
      "user": 12,
      "token": "4WZl2Zi8BoJ6stuKbPATInYmeZGSQl",
      "application": 1,
      "access_token": 54,
      "created": "2018-07-16T10:17:01.986Z",
      "updated": "2018-07-16T10:17:01.986Z",
      "revoked": null
    }
  },
  {
    "model": "oauth2_provider.refreshtoken",
    "pk": 55,
    "fields": {
      "user": 12,
      "token": "cZBIskSDhNKURnPuf0yaQnISvWJR7D",
      "application": 1,
      "access_token": 55,
      "created": "2018-07-16T10:25:27.574Z",
      "updated": "2018-07-16T10:25:27.574Z",
      "revoked": null
    }
  },
  {
    "model": "oauth2_provider.refreshtoken",
    "pk": 56,
    "fields": {
      "user": 12,
      "token": "fV2dJSrqvA4XvIv8Zwt9g3K06y5lab",
      "application": 1,
      "access_token": 56,
      "created": "2018-07-16T11:28:50.347Z",
      "updated": "2018-07-16T11:28:50.347Z",
      "revoked": null
    }
  },
  {
    "model": "oauth2_provider.refreshtoken",
    "pk": 57,
    "fields": {
      "user": 12,
      "token": "TdOalVf9GhnBfvUYtPWAQvZSOdvqen",
      "application": 1,
      "access_token": 57,
      "created": "2018-07-16T11:29:07.782Z",
      "updated": "2018-07-16T11:29:07.782Z",
      "revoked": null
    }
  },
  {
    "model": "oauth2_provider.refreshtoken",
    "pk": 58,
    "fields": {
      "user": 12,
      "token": "teS8M7J98TDateTh2fG7muYCu33Qkv",
      "application": 1,
      "access_token": 58,
      "created": "2018-07-16T11:29:34.625Z",
      "updated": "2018-07-16T11:29:34.625Z",
      "revoked": null
    }
  },
  {
    "model": "oauth2_provider.refreshtoken",
    "pk": 59,
    "fields": {
      "user": 12,
      "token": "7KhtAmJnW5emI1hIh4W9qBgVQr1AgM",
      "application": 1,
      "access_token": 59,
      "created": "2018-07-16T11:30:52.557Z",
      "updated": "2018-07-16T11:30:52.557Z",
      "revoked": null
    }
  },
  {
    "model": "oauth2_provider.refreshtoken",
    "pk": 60,
    "fields": {
      "user": 12,
      "token": "63DvimOZzvC6VYum9Qsuc54GBcdvaA",
      "application": 1,
      "access_token": 60,
      "created": "2018-07-16T11:31:30.914Z",
      "updated": "2018-07-16T11:31:30.914Z",
      "revoked": null
    }
  },
  {
    "model": "oauth2_provider.refreshtoken",
    "pk": 61,
    "fields": {
      "user": 12,
      "token": "4q0rVufP5a040CPxFrxOpkUsL7yZLu",
      "application": 1,
      "access_token": 61,
      "created": "2018-07-16T11:32:02.075Z",
      "updated": "2018-07-16T11:32:02.075Z",
      "revoked": null
    }
  },
  {
    "model": "oauth2_provider.refreshtoken",
    "pk": 62,
    "fields": {
      "user": 12,
      "token": "NKYlHPEOwPRXqLObnTj7k2p8h9Hq74",
      "application": 1,
      "access_token": 62,
      "created": "2018-07-16T11:32:50.684Z",
      "updated": "2018-07-16T11:32:50.684Z",
      "revoked": null
    }
  },
  {
    "model": "oauth2_provider.refreshtoken",
    "pk": 63,
    "fields": {
      "user": 12,
      "token": "arVCyxPOcp2Wwlwoh3w67vHRo8vpXH",
      "application": 1,
      "access_token": 63,
      "created": "2018-07-16T11:34:24.435Z",
      "updated": "2018-07-16T11:34:24.435Z",
      "revoked": null
    }
  },
  {
    "model": "oauth2_provider.refreshtoken",
    "pk": 64,
    "fields": {
      "user": 12,
      "token": "7m5QmbDlOc8H3nGh25MVwVL6UCpuiY",
      "application": 1,
      "access_token": 64,
      "created": "2018-07-16T11:38:07.437Z",
      "updated": "2018-07-16T11:38:07.437Z",
      "revoked": null
    }
  },
  {
    "model": "oauth2_provider.refreshtoken",
    "pk": 65,
    "fields": {
      "user": 12,
      "token": "yX1iLeMMqCdBOgxMWV7iOCQKQCnEHz",
      "application": 1,
      "access_token": 65,
      "created": "2018-07-16T11:38:32.023Z",
      "updated": "2018-07-16T11:38:32.023Z",
      "revoked": null
    }
  },
  {
    "model": "oauth2_provider.refreshtoken",
    "pk": 66,
    "fields": {
      "user": 12,
      "token": "DPYk64xbSdlwulCBAQshx16DBY8G2M",
      "application": 1,
      "access_token": 66,
      "created": "2018-07-16T11:47:20.665Z",
      "updated": "2018-07-16T11:47:20.665Z",
      "revoked": null
    }
  },
  {
    "model": "oauth2_provider.refreshtoken",
    "pk": 67,
    "fields": {
      "user": 12,
      "token": "FrgDqYTgOch4jqbz5XsZu582exIuhH",
      "application": 1,
      "access_token": 67,
      "created": "2018-07-16T11:59:28.908Z",
      "updated": "2018-07-16T11:59:28.908Z",
      "revoked": null
    }
  },
  {
    "model": "oauth2_provider.refreshtoken",
    "pk": 68,
    "fields": {
      "user": 12,
      "token": "19JuEQjd9ttzWwxaP3ySSFxCltkrSP",
      "application": 1,
      "access_token": 68,
      "created": "2018-07-16T12:00:33.733Z",
      "updated": "2018-07-16T12:00:33.733Z",
      "revoked": null
    }
  },
  {
    "model": "oauth2_provider.refreshtoken",
    "pk": 69,
    "fields": {
      "user": 12,
      "token": "D9EovvmYK8CVfJSzHtdsOVvTaZ9Bgw",
      "application": 1,
      "access_token": 69,
      "created": "2018-07-16T12:09:26.405Z",
      "updated": "2018-07-16T12:09:26.405Z",
      "revoked": null
    }
  },
  {
    "model": "oauth2_provider.refreshtoken",
    "pk": 70,
    "fields": {
      "user": 12,
      "token": "RRS8q7A18qdM9LNgLGlJ3yiMom3Ci6",
      "application": 1,
      "access_token": 70,
      "created": "2018-07-16T12:12:29.402Z",
      "updated": "2018-07-16T12:12:29.402Z",
      "revoked": null
    }
  },
  {
    "model": "oauth2_provider.refreshtoken",
    "pk": 71,
    "fields": {
      "user": 12,
      "token": "VworsJdDHm5Cy1MJFisLNEXVP0Vunv",
      "application": 1,
      "access_token": 71,
      "created": "2018-07-17T03:48:20.510Z",
      "updated": "2018-07-17T03:48:20.510Z",
      "revoked": null
    }
  },
  {
    "model": "oauth2_provider.refreshtoken",
    "pk": 72,
    "fields": {
      "user": 1,
      "token": "1UMVMqb6cRFUabCBY50zVK3c3JyVOA",
      "application": 1,
      "access_token": 72,
      "created": "2018-07-17T10:24:25.092Z",
      "updated": "2018-07-17T10:24:25.092Z",
      "revoked": null
    }
  },
  {
    "model": "oauth2_provider.refreshtoken",
    "pk": 73,
    "fields": {
      "user": 13,
      "token": "84HulxEOeRAe8M1zFJDgFFZgjRPKWw",
      "application": 1,
      "access_token": 73,
      "created": "2018-07-17T10:26:00.495Z",
      "updated": "2018-07-17T10:26:00.495Z",
      "revoked": null
    }
  }
]
